<?xml version="1.0" encoding="UTF-8"?>
<GenRun Id="clk_wiz_50_synth_1" LaunchPart="xc7a100tcsg324-1" LaunchTime="1607372068">
  <File Type="PA-TCL" Name="clk_wiz_50.tcl"/>
  <File Type="REPORTS-TCL" Name="clk_wiz_50_reports.tcl"/>
  <File Type="RDS-RDS" Name="clk_wiz_50.vds"/>
  <File Type="RDS-UTIL" Name="clk_wiz_50_utilization_synth.rpt"/>
  <File Type="RDS-UTIL-PB" Name="clk_wiz_50_utilization_synth.pb"/>
  <File Type="RDS-DCP" Name="clk_wiz_50.dcp"/>
  <FileSet Name="sources" Type="BlockSrcs" RelSrcDir="$PSRCDIR/clk_wiz_50">
    <File Path="$PSRCDIR/sources_1/ip/clk_wiz_50/clk_wiz_50.xci">
      <FileInfo>
        <Attr Name="UsedIn" Val="synthesis"/>
        <Attr Name="UsedIn" Val="implementation"/>
        <Attr Name="UsedIn" Val="simulation"/>
      </FileInfo>
    </File>
    <Config>
      <Option Name="TopModule" Val="clk_wiz_50"/>
      <Option Name="UseBlackboxStub" Val="1"/>
    </Config>
  </FileSet>
  <FileSet Name="constrs_in" Type="BlockSrcs" RelSrcDir="$PSRCDIR/clk_wiz_50">
    <File Path="$PSRCDIR/sources_1/ip/clk_wiz_50/clk_wiz_50.xci">
      <FileInfo>
        <Attr Name="UsedIn" Val="synthesis"/>
        <Attr Name="UsedIn" Val="implementation"/>
        <Attr Name="UsedIn" Val="simulation"/>
      </FileInfo>
    </File>
    <Config>
      <Option Name="TopModule" Val="clk_wiz_50"/>
      <Option Name="UseBlackboxStub" Val="1"/>
    </Config>
  </FileSet>
  <FileSet Name="utils" Type="Utils" RelSrcDir="$PSRCDIR/utils_1">
    <Filter Type="Utils"/>
    <Config>
      <Option Name="TopAutoSet" Val="TRUE"/>
    </Config>
  </FileSet>
  <Strategy Version="1" Minor="2">
    <StratHandle Name="Vivado Synthesis Defaults" Flow="Vivado Synthesis 2020"/>
    <Step Id="synth_design"/>
  </Strategy>
</GenRun>
